<?xml version="1.0" encoding="UTF-8"?>
<project-private xmlns="http://www.netbeans.org/ns/project-private/1">
    <editor-bookmarks xmlns="http://www.netbeans.org/ns/editor-bookmarks/2" lastBookmarkId="0"/>
    <open-files xmlns="http://www.netbeans.org/ns/projectui-open-files/2">
        <group>
            <file>file:/D:/Selling_Phone_Manager/Selling_Mobile_Manager/src/selling_mobile_manager/Product.java</file>
            <file>file:/D:/Selling_Phone_Manager/Selling_Mobile_Manager/src/selling_mobile_manager/Person.java</file>
            <file>file:/D:/Selling_Phone_Manager/Selling_Mobile_Manager/src/selling_mobile_manager/Supplier.java</file>
            <file>file:/D:/Selling_Phone_Manager/Selling_Mobile_Manager/src/selling_mobile_manager/Category.java</file>
            <file>file:/D:/Selling_Phone_Manager/Selling_Mobile_Manager/src/selling_mobile_manager/Main.java</file>
        </group>
    </open-files>
</project-private>
